{
	"variants": {
		"variant=ruby": { "model": "SilentGems:GemBlockDark0" },
    "variant=garnet": { "model": "SilentGems:GemBlockDark1" },
    "variant=topaz": { "model": "SilentGems:GemBlockDark2" },
    "variant=amber": { "model": "SilentGems:GemBlockDark3" },
    "variant=heliodor": { "model": "SilentGems:GemBlockDark4" },
    "variant=peridot": { "model": "SilentGems:GemBlockDark5" },
    "variant=beryl": { "model": "SilentGems:GemBlockDark6" },
    "variant=indicolite": { "model": "SilentGems:GemBlockDark7" },
    "variant=aquamarine": { "model": "SilentGems:GemBlockDark8" },
    "variant=sapphire": { "model": "SilentGems:GemBlockDark9" },
    "variant=iolite": { "model": "SilentGems:GemBlockDark10" },
    "variant=amethyst": { "model": "SilentGems:GemBlockDark11" },
    "variant=agate": { "model": "SilentGems:GemBlockDark12" },
    "variant=morganite": { "model": "SilentGems:GemBlockDark13" },
    "variant=onyx": { "model": "SilentGems:GemBlockDark14" },
    "variant=opal": { "model": "SilentGems:GemBlockDark15" }
	}
}
