{
	"variants": {
		"variant=ruby": { "model": "SilentGems:GemOre0" },
    "variant=garnet": { "model": "SilentGems:GemOre1" },
    "variant=topaz": { "model": "SilentGems:GemOre2" },
    "variant=amber": { "model": "SilentGems:GemOre3" },
    "variant=heliodor": { "model": "SilentGems:GemOre4" },
    "variant=peridot": { "model": "SilentGems:GemOre5" },
    "variant=beryl": { "model": "SilentGems:GemOre6" },
    "variant=indicolite": { "model": "SilentGems:GemOre7" },
    "variant=aquamarine": { "model": "SilentGems:GemOre8" },
    "variant=sapphire": { "model": "SilentGems:GemOre9" },
    "variant=iolite": { "model": "SilentGems:GemOre10" },
    "variant=amethyst": { "model": "SilentGems:GemOre11" },
    "variant=agate": { "model": "SilentGems:GemOre12" },
    "variant=morganite": { "model": "SilentGems:GemOre13" },
    "variant=onyx": { "model": "SilentGems:GemOre14" },
    "variant=opal": { "model": "SilentGems:GemOre15" }
	}
}
