{
	"variants": {
		"variant=ruby": { "model": "SilentGems:GemOreDark0" },
    "variant=garnet": { "model": "SilentGems:GemOreDark1" },
    "variant=topaz": { "model": "SilentGems:GemOreDark2" },
    "variant=amber": { "model": "SilentGems:GemOreDark3" },
    "variant=heliodor": { "model": "SilentGems:GemOreDark4" },
    "variant=peridot": { "model": "SilentGems:GemOreDark5" },
    "variant=beryl": { "model": "SilentGems:GemOreDark6" },
    "variant=indicolite": { "model": "SilentGems:GemOreDark7" },
    "variant=aquamarine": { "model": "SilentGems:GemOreDark8" },
    "variant=sapphire": { "model": "SilentGems:GemOreDark9" },
    "variant=iolite": { "model": "SilentGems:GemOreDark10" },
    "variant=amethyst": { "model": "SilentGems:GemOreDark11" },
    "variant=agate": { "model": "SilentGems:GemOreDark12" },
    "variant=morganite": { "model": "SilentGems:GemOreDark13" },
    "variant=onyx": { "model": "SilentGems:GemOreDark14" },
    "variant=opal": { "model": "SilentGems:GemOreDark15" }
	}
}
